Date,Headline
2023-07-14,Bitcoin hits new all-time high!
2023-07-15,Market correction: Bitcoin prices drop
2023-07-16,Regulation news affects Bitcoin volatility
2023-07-17,New Bitcoin ETF launched
2023-07-18,Bitcoin mining difficulty increases
2023-07-19,Elon Musk tweets about Bitcoin
2023-07-20,Bitcoin adoption grows in developing countries
2023-07-21,Major bank integrates Bitcoin services
2023-07-22,Bitcoin price stabilizes after recent surge
2023-07-23,Hackers steal Bitcoin from major exchange
2023-07-24,Bitcoin hits new all-time high!
2023-07-25,Market correction: Bitcoin prices drop
2023-07-26,Regulation news affects Bitcoin volatility
2023-07-27,New Bitcoin ETF launched
2023-07-28,Bitcoin mining difficulty increases
2023-07-29,Elon Musk tweets about Bitcoin
2023-07-30,Bitcoin adoption grows in developing countries
2023-07-31,Major bank integrates Bitcoin services
2023-08-01,Bitcoin price stabilizes after recent surge
2023-08-02,Hackers steal Bitcoin from major exchange
2023-08-03,Bitcoin hits new all-time high!
2023-08-04,Market correction: Bitcoin prices drop
2023-08-05,Regulation news affects Bitcoin volatility
2023-08-06,New Bitcoin ETF launched
2023-08-07,Bitcoin mining difficulty increases
2023-08-08,Elon Musk tweets about Bitcoin
2023-08-09,Bitcoin adoption grows in developing countries
2023-08-10,Major bank integrates Bitcoin services
2023-08-11,Bitcoin price stabilizes after recent surge
2023-08-12,Hackers steal Bitcoin from major exchange
2023-08-13,Bitcoin hits new all-time high!
2023-08-14,Market correction: Bitcoin prices drop
2023-08-15,Regulation news affects Bitcoin volatility
2023-08-16,New Bitcoin ETF launched
2023-08-17,Bitcoin mining difficulty increases
2023-08-18,Elon Musk tweets about Bitcoin
2023-08-19,Bitcoin adoption grows in developing countries
2023-08-20,Major bank integrates Bitcoin services
2023-08-21,Bitcoin price stabilizes after recent surge
2023-08-22,Hackers steal Bitcoin from major exchange
2023-08-23,Bitcoin hits new all-time high!
2023-08-24,Market correction: Bitcoin prices drop
2023-08-25,Regulation news affects Bitcoin volatility
2023-08-26,New Bitcoin ETF launched
2023-08-27,Bitcoin mining difficulty increases
2023-08-28,Elon Musk tweets about Bitcoin
2023-08-29,Bitcoin adoption grows in developing countries
2023-08-30,Major bank integrates Bitcoin services
2023-08-31,Bitcoin price stabilizes after recent surge
2023-09-01,Hackers steal Bitcoin from major exchange
2023-09-02,Bitcoin hits new all-time high!
2023-09-03,Market correction: Bitcoin prices drop
2023-09-04,Regulation news affects Bitcoin volatility
2023-09-05,New Bitcoin ETF launched
2023-09-06,Bitcoin mining difficulty increases
2023-09-07,Elon Musk tweets about Bitcoin
2023-09-08,Bitcoin adoption grows in developing countries
2023-09-09,Major bank integrates Bitcoin services
2023-09-10,Bitcoin price stabilizes after recent surge
2023-09-11,Hackers steal Bitcoin from major exchange
2023-09-12,Bitcoin hits new all-time high!
2023-09-13,Market correction: Bitcoin prices drop
2023-09-14,Regulation news affects Bitcoin volatility
2023-09-15,New Bitcoin ETF launched
2023-09-16,Bitcoin mining difficulty increases
2023-09-17,Elon Musk tweets about Bitcoin
2023-09-18,Bitcoin adoption grows in developing countries
2023-09-19,Major bank integrates Bitcoin services
2023-09-20,Bitcoin price stabilizes after recent surge
2023-09-21,Hackers steal Bitcoin from major exchange
2023-09-22,Bitcoin hits new all-time high!
2023-09-23,Market correction: Bitcoin prices drop
2023-09-24,Regulation news affects Bitcoin volatility
2023-09-25,New Bitcoin ETF launched
2023-09-26,Bitcoin mining difficulty increases
2023-09-27,Elon Musk tweets about Bitcoin
2023-09-28,Bitcoin adoption grows in developing countries
2023-09-29,Major bank integrates Bitcoin services
2023-09-30,Bitcoin price stabilizes after recent surge
2023-10-01,Hackers steal Bitcoin from major exchange
2023-10-02,Bitcoin hits new all-time high!
2023-10-03,Market correction: Bitcoin prices drop
2023-10-04,Regulation news affects Bitcoin volatility
2023-10-05,New Bitcoin ETF launched
2023-10-06,Bitcoin mining difficulty increases
2023-10-07,Elon Musk tweets about Bitcoin
2023-10-08,Bitcoin adoption grows in developing countries
2023-10-09,Major bank integrates Bitcoin services
2023-10-10,Bitcoin price stabilizes after recent surge
2023-10-11,Hackers steal Bitcoin from major exchange
2023-10-12,Bitcoin hits new all-time high!
2023-10-13,Market correction: Bitcoin prices drop
2023-10-14,Regulation news affects Bitcoin volatility
2023-10-15,New Bitcoin ETF launched
2023-10-16,Bitcoin mining difficulty increases
2023-10-17,Elon Musk tweets about Bitcoin
2023-10-18,Bitcoin adoption grows in developing countries
2023-10-19,Major bank integrates Bitcoin services
2023-10-20,Bitcoin price stabilizes after recent surge
2023-10-21,Hackers steal Bitcoin from major exchange
2023-10-22,Bitcoin hits new all-time high!
2023-10-23,Market correction: Bitcoin prices drop
2023-10-24,Regulation news affects Bitcoin volatility
2023-10-25,New Bitcoin ETF launched
2023-10-26,Bitcoin mining difficulty increases
2023-10-27,Elon Musk tweets about Bitcoin
2023-10-28,Bitcoin adoption grows in developing countries
2023-10-29,Major bank integrates Bitcoin services
2023-10-30,Bitcoin price stabilizes after recent surge
2023-10-31,Hackers steal Bitcoin from major exchange
2023-11-01,Bitcoin hits new all-time high!
2023-11-02,Market correction: Bitcoin prices drop
2023-11-03,Regulation news affects Bitcoin volatility
2023-11-04,New Bitcoin ETF launched
2023-11-05,Bitcoin mining difficulty increases
2023-11-06,Elon Musk tweets about Bitcoin
2023-11-07,Bitcoin adoption grows in developing countries
2023-11-08,Major bank integrates Bitcoin services
2023-11-09,Bitcoin price stabilizes after recent surge
2023-11-10,Hackers steal Bitcoin from major exchange
2023-11-11,Bitcoin hits new all-time high!
2023-11-12,Market correction: Bitcoin prices drop
2023-11-13,Regulation news affects Bitcoin volatility
2023-11-14,New Bitcoin ETF launched
2023-11-15,Bitcoin mining difficulty increases
2023-11-16,Elon Musk tweets about Bitcoin
2023-11-17,Bitcoin adoption grows in developing countries
2023-11-18,Major bank integrates Bitcoin services
2023-11-19,Bitcoin price stabilizes after recent surge
2023-11-20,Hackers steal Bitcoin from major exchange
2023-11-21,Bitcoin hits new all-time high!
2023-11-22,Market correction: Bitcoin prices drop
2023-11-23,Regulation news affects Bitcoin volatility
2023-11-24,New Bitcoin ETF launched
2023-11-25,Bitcoin mining difficulty increases
2023-11-26,Elon Musk tweets about Bitcoin
2023-11-27,Bitcoin adoption grows in developing countries
2023-11-28,Major bank integrates Bitcoin services
2023-11-29,Bitcoin price stabilizes after recent surge
2023-11-30,Hackers steal Bitcoin from major exchange
2023-12-01,Bitcoin hits new all-time high!
2023-12-02,Market correction: Bitcoin prices drop
2023-12-03,Regulation news affects Bitcoin volatility
2023-12-04,New Bitcoin ETF launched
2023-12-05,Bitcoin mining difficulty increases
2023-12-06,Elon Musk tweets about Bitcoin
2023-12-07,Bitcoin adoption grows in developing countries
2023-12-08,Major bank integrates Bitcoin services
2023-12-09,Bitcoin price stabilizes after recent surge
2023-12-10,Hackers steal Bitcoin from major exchange
2023-12-11,Bitcoin hits new all-time high!
2023-12-12,Market correction: Bitcoin prices drop
2023-12-13,Regulation news affects Bitcoin volatility
2023-12-14,New Bitcoin ETF launched
2023-12-15,Bitcoin mining difficulty increases
2023-12-16,Elon Musk tweets about Bitcoin
2023-12-17,Bitcoin adoption grows in developing countries
2023-12-18,Major bank integrates Bitcoin services
2023-12-19,Bitcoin price stabilizes after recent surge
2023-12-20,Hackers steal Bitcoin from major exchange
2023-12-21,Bitcoin hits new all-time high!
2023-12-22,Market correction: Bitcoin prices drop
2023-12-23,Regulation news affects Bitcoin volatility
2023-12-24,New Bitcoin ETF launched
2023-12-25,Bitcoin mining difficulty increases
2023-12-26,Elon Musk tweets about Bitcoin
2023-12-27,Bitcoin adoption grows in developing countries
2023-12-28,Major bank integrates Bitcoin services
2023-12-29,Bitcoin price stabilizes after recent surge
2023-12-30,Hackers steal Bitcoin from major exchange
2023-12-31,Bitcoin hits new all-time high!
2024-01-01,Market correction: Bitcoin prices drop
2024-01-02,Regulation news affects Bitcoin volatility
2024-01-03,New Bitcoin ETF launched
2024-01-04,Bitcoin mining difficulty increases
2024-01-05,Elon Musk tweets about Bitcoin
2024-01-06,Bitcoin adoption grows in developing countries
2024-01-07,Major bank integrates Bitcoin services
2024-01-08,Bitcoin price stabilizes after recent surge
2024-01-09,Hackers steal Bitcoin from major exchange
2024-01-10,Bitcoin hits new all-time high!
2024-01-11,Market correction: Bitcoin prices drop
2024-01-12,Regulation news affects Bitcoin volatility
2024-01-13,New Bitcoin ETF launched
2024-01-14,Bitcoin mining difficulty increases
2024-01-15,Elon Musk tweets about Bitcoin
2024-01-16,Bitcoin adoption grows in developing countries
2024-01-17,Major bank integrates Bitcoin services
2024-01-18,Bitcoin price stabilizes after recent surge
2024-01-19,Hackers steal Bitcoin from major exchange
2024-01-20,Bitcoin hits new all-time high!
2024-01-21,Market correction: Bitcoin prices drop
2024-01-22,Regulation news affects Bitcoin volatility
2024-01-23,New Bitcoin ETF launched
2024-01-24,Bitcoin mining difficulty increases
2024-01-25,Elon Musk tweets about Bitcoin
2024-01-26,Bitcoin adoption grows in developing countries
2024-01-27,Major bank integrates Bitcoin services
2024-01-28,Bitcoin price stabilizes after recent surge
2024-01-29,Hackers steal Bitcoin from major exchange
2024-01-30,Bitcoin hits new all-time high!
2024-01-31,Market correction: Bitcoin prices drop
2024-02-01,Regulation news affects Bitcoin volatility
2024-02-02,New Bitcoin ETF launched
2024-02-03,Bitcoin mining difficulty increases
2024-02-04,Elon Musk tweets about Bitcoin
2024-02-05,Bitcoin adoption grows in developing countries
2024-02-06,Major bank integrates Bitcoin services
2024-02-07,Bitcoin price stabilizes after recent surge
2024-02-08,Hackers steal Bitcoin from major exchange
2024-02-09,Bitcoin hits new all-time high!
2024-02-10,Market correction: Bitcoin prices drop
2024-02-11,Regulation news affects Bitcoin volatility
2024-02-12,New Bitcoin ETF launched
2024-02-13,Bitcoin mining difficulty increases
2024-02-14,Elon Musk tweets about Bitcoin
2024-02-15,Bitcoin adoption grows in developing countries
2024-02-16,Major bank integrates Bitcoin services
2024-02-17,Bitcoin price stabilizes after recent surge
2024-02-18,Hackers steal Bitcoin from major exchange
2024-02-19,Bitcoin hits new all-time high!
2024-02-20,Market correction: Bitcoin prices drop
2024-02-21,Regulation news affects Bitcoin volatility
2024-02-22,New Bitcoin ETF launched
2024-02-23,Bitcoin mining difficulty increases
2024-02-24,Elon Musk tweets about Bitcoin
2024-02-25,Bitcoin adoption grows in developing countries
2024-02-26,Major bank integrates Bitcoin services
2024-02-27,Bitcoin price stabilizes after recent surge
2024-02-28,Hackers steal Bitcoin from major exchange
2024-02-29,Bitcoin hits new all-time high!
2024-03-01,Market correction: Bitcoin prices drop
2024-03-02,Regulation news affects Bitcoin volatility
2024-03-03,New Bitcoin ETF launched
2024-03-04,Bitcoin mining difficulty increases
2024-03-05,Elon Musk tweets about Bitcoin
2024-03-06,Bitcoin adoption grows in developing countries
2024-03-07,Major bank integrates Bitcoin services
2024-03-08,Bitcoin price stabilizes after recent surge
2024-03-09,Hackers steal Bitcoin from major exchange
2024-03-10,Bitcoin hits new all-time high!
2024-03-11,Market correction: Bitcoin prices drop
2024-03-12,Regulation news affects Bitcoin volatility
2024-03-13,New Bitcoin ETF launched
2024-03-14,Bitcoin mining difficulty increases
2024-03-15,Elon Musk tweets about Bitcoin
2024-03-16,Bitcoin adoption grows in developing countries
2024-03-17,Major bank integrates Bitcoin services
2024-03-18,Bitcoin price stabilizes after recent surge
2024-03-19,Hackers steal Bitcoin from major exchange
2024-03-20,Bitcoin hits new all-time high!
2024-03-21,Market correction: Bitcoin prices drop
2024-03-22,Regulation news affects Bitcoin volatility
2024-03-23,New Bitcoin ETF launched
2024-03-24,Bitcoin mining difficulty increases
2024-03-25,Elon Musk tweets about Bitcoin
2024-03-26,Bitcoin adoption grows in developing countries
2024-03-27,Major bank integrates Bitcoin services
2024-03-28,Bitcoin price stabilizes after recent surge
2024-03-29,Hackers steal Bitcoin from major exchange
2024-03-30,Bitcoin hits new all-time high!
2024-03-31,Market correction: Bitcoin prices drop
2024-04-01,Regulation news affects Bitcoin volatility
2024-04-02,New Bitcoin ETF launched
2024-04-03,Bitcoin mining difficulty increases
2024-04-04,Elon Musk tweets about Bitcoin
2024-04-05,Bitcoin adoption grows in developing countries
2024-04-06,Major bank integrates Bitcoin services
2024-04-07,Bitcoin price stabilizes after recent surge
2024-04-08,Hackers steal Bitcoin from major exchange
2024-04-09,Bitcoin hits new all-time high!
2024-04-10,Market correction: Bitcoin prices drop
2024-04-11,Regulation news affects Bitcoin volatility
2024-04-12,New Bitcoin ETF launched
2024-04-13,Bitcoin mining difficulty increases
2024-04-14,Elon Musk tweets about Bitcoin
2024-04-15,Bitcoin adoption grows in developing countries
2024-04-16,Major bank integrates Bitcoin services
2024-04-17,Bitcoin price stabilizes after recent surge
2024-04-18,Hackers steal Bitcoin from major exchange
2024-04-19,Bitcoin hits new all-time high!
2024-04-20,Market correction: Bitcoin prices drop
2024-04-21,Regulation news affects Bitcoin volatility
2024-04-22,New Bitcoin ETF launched
2024-04-23,Bitcoin mining difficulty increases
2024-04-24,Elon Musk tweets about Bitcoin
2024-04-25,Bitcoin adoption grows in developing countries
2024-04-26,Major bank integrates Bitcoin services
2024-04-27,Bitcoin price stabilizes after recent surge
2024-04-28,Hackers steal Bitcoin from major exchange
2024-04-29,Bitcoin hits new all-time high!
2024-04-30,Market correction: Bitcoin prices drop
2024-05-01,Regulation news affects Bitcoin volatility
2024-05-02,New Bitcoin ETF launched
2024-05-03,Bitcoin mining difficulty increases
2024-05-04,Elon Musk tweets about Bitcoin
2024-05-05,Bitcoin adoption grows in developing countries
2024-05-06,Major bank integrates Bitcoin services
2024-05-07,Bitcoin price stabilizes after recent surge
2024-05-08,Hackers steal Bitcoin from major exchange
2024-05-09,Bitcoin hits new all-time high!
